sender,receiver,amount,created_at,time,is_fraud,risk_level,ip_address,location,id
You,Advik,731,2025-06-27T13:28:32.321Z,13,False,Low,23.8.248.166,"Kolkata, West Bengal",66617711358
You,Yashvi,102,2025-06-02T13:06:59.862Z,13,False,Low,23.8.248.166,"Kolkata, West Bengal",85005686513
You,Ayaan,71,2025-06-06T09:21:42.855Z,9,False,Low,23.8.248.166,"Kolkata, West Bengal",58300141111
You,Hridhaan,606,2025-06-10T14:45:19.508Z,14,False,Low,23.8.248.166,"Kolkata, West Bengal",98912903717
You,Aryan,451,2025-06-28T10:13:16.007Z,10,False,Low,23.8.248.166,"Kolkata, West Bengal",22536319426
You,Anvi,437,2025-05-27T18:23:22.315Z,18,False,Low,23.8.248.166,"Kolkata, West Bengal",82322742826
You,Aadhya,70000,2025-05-09T10:39:51.336Z,10,False,Medium,23.8.248.166,"Kolkata, West Bengal",19890859666
You,Aryan,779,2025-06-26T11:49:02.685Z,11,False,Low,23.8.248.166,"Kolkata, West Bengal",22536319426
You,Dhruv,130,2025-06-04T14:21:32.382Z,14,False,Low,23.8.248.166,"Kolkata, West Bengal",95225057503
You,Ananya,906,2025-06-20T09:07:33.385Z,9,False,Low,23.8.248.166,"Kolkata, West Bengal",16782539070
You,Avani,171,2025-06-06T09:21:03.088Z,9,False,Low,23.8.248.166,"Kolkata, West Bengal",57773755263
You,Myra,499,2025-05-30T04:32:31.727Z,4,False,Medium,23.8.248.166,"Kolkata, West Bengal",70328026118
You,Ishaan,696,2025-06-14T09:24:40.369Z,9,False,Low,23.8.248.166,"Kolkata, West Bengal",31471307294
You,Sai,416,2025-06-06T20:14:03.984Z,20,False,Low,23.8.248.166,"Kolkata, West Bengal",80477538561
You,Kiara,521,2025-06-28T16:08:21.845Z,16,False,Low,23.8.248.166,"Kolkata, West Bengal",67567225370
You,Pari,525,2025-06-09T09:37:09.366Z,9,False,Low,23.8.248.166,"Kolkata, West Bengal",17015741621
You,Pari,687,2025-07-11T09:12:51.989Z,9,False,Low,23.8.248.166,"Kolkata, West Bengal",17015741621
You,Kabir,569,2025-05-15T06:22:22.734Z,6,False,Medium,23.8.248.166,"Kolkata, West Bengal",60035393548
You,Anika,677,2025-06-04T18:57:17.747Z,18,False,Low,23.8.248.166,"Kolkata, West Bengal",17772586868
You,Daksh,716,2025-07-20T00:21:01.027Z,0,False,Medium,23.8.248.166,"Kolkata, West Bengal",64328891036
You,Dhruv,992,2025-06-18T19:23:51.326Z,19,False,Low,23.8.248.166,"Kolkata, West Bengal",95225057503
You,Ishan,422,2025-07-13T13:56:04.882Z,13,False,Low,23.8.248.166,"Kolkata, West Bengal",73336389695
You,Anika,100,2025-06-22T01:00:57.393Z,1,False,Medium,23.8.248.166,"Kolkata, West Bengal",17772586868
You,Daksh,269,2025-05-24T12:17:56.799Z,12,False,Low,23.8.248.166,"Kolkata, West Bengal",64328891036
You,Ayaan,152,2025-05-27T18:31:39.594Z,18,False,Low,23.8.248.166,"Kolkata, West Bengal",58300141111
You,Yashvi,653,2025-06-28T01:23:54.224Z,1,False,Medium,23.8.248.166,"Kolkata, West Bengal",85005686513
You,Krishna,841,2025-05-06T16:23:29.056Z,16,False,Low,23.8.248.166,"Kolkata, West Bengal",74892594460
You,Anika,239,2025-06-24T11:42:00.910Z,11,False,Low,23.8.248.166,"Kolkata, West Bengal",17772586868
You,Aahana,436,2025-07-12T21:22:21.868Z,21,False,Low,23.8.248.166,"Kolkata, West Bengal",51898581844
You,Aarav,776,2025-05-24T11:53:02.087Z,11,False,Low,23.8.248.166,"Kolkata, West Bengal",67554344929
You,Aadhya,515,2025-04-28T05:02:56.942Z,5,False,Medium,23.8.248.166,"Kolkata, West Bengal",19890859666
You,Ishan,534,2025-04-27T18:00:43.532Z,18,False,Low,23.8.248.166,"Kolkata, West Bengal",73336389695
You,Anika,435,2025-06-07T20:28:49.794Z,20,False,Low,23.8.248.166,"Kolkata, West Bengal",17772586868
You,Rudra,70,2025-06-11T16:36:13.095Z,16,False,Low,23.8.248.166,"Kolkata, West Bengal",83455748206
You,Anaya,794,2025-07-15T18:25:26.128Z,18,False,Low,23.8.248.166,"Kolkata, West Bengal",68052181034
You,Arnav,266,2025-06-21T17:25:47.541Z,17,False,Low,23.8.248.166,"Kolkata, West Bengal",33648582036
You,Anya,102,2025-06-22T21:48:43.238Z,21,False,Low,23.8.248.166,"Kolkata, West Bengal",84512433084
You,Siya,70000,2025-07-23T20:51:42.760Z,20,False,Medium,23.8.248.166,"Kolkata, West Bengal",13358252325
You,Myra,854,2025-04-30T17:10:38.698Z,17,False,Low,23.8.248.166,"Kolkata, West Bengal",70328026118
You,Vivaan,428,2025-05-30T11:16:21.840Z,11,False,Low,23.8.248.166,"Kolkata, West Bengal",29232777487
You,Aarav,330,2025-06-12T00:16:55.177Z,0,False,Medium,23.8.248.166,"Kolkata, West Bengal",67554344929
You,Ayaan,868,2025-07-20T18:48:54.769Z,18,False,Low,23.8.248.166,"Kolkata, West Bengal",58300141111
You,Aadya,825,2025-06-23T11:27:44.969Z,11,False,Low,23.8.248.166,"Kolkata, West Bengal",70868899956
You,Vivaan,463,2025-05-01T18:27:19.094Z,18,False,Low,23.8.248.166,"Kolkata, West Bengal",29232777487
You,Vihaan,611,2025-06-12T09:23:36.171Z,9,False,Low,23.8.248.166,"Kolkata, West Bengal",16421105329
You,Anika,244,2025-06-21T00:20:49.208Z,0,False,Medium,23.8.248.166,"Kolkata, West Bengal",17772586868
You,Ananya,250,2025-05-21T21:31:16.337Z,21,False,Low,23.8.248.166,"Kolkata, West Bengal",16782539070
You,Arnav,603,2025-06-05T15:24:13.636Z,15,False,Low,23.8.248.166,"Kolkata, West Bengal",33648582036
You,Siya,819,2025-05-22T15:47:58.328Z,15,False,Low,23.8.248.166,"Kolkata, West Bengal",13358252325
You,Vihaan,816,2025-06-07T13:19:44.928Z,13,False,Low,23.8.248.166,"Kolkata, West Bengal",16421105329
You,Riya,736,2025-07-01T18:19:13.599Z,18,False,Low,23.8.248.166,"Kolkata, West Bengal",50398282148
You,Yashvi,25000,2025-06-14T13:17:52.310Z,13,False,Medium,23.8.248.166,"Kolkata, West Bengal",85005686513
You,Sai,25000,2025-07-04T17:23:57.607Z,17,False,Medium,23.8.248.166,"Kolkata, West Bengal",80477538561
You,Krishna,389,2025-05-10T10:23:53.517Z,10,False,Low,23.8.248.166,"Kolkata, West Bengal",74892594460
You,Dhruv,423,2025-06-26T00:25:35.343Z,0,False,Medium,23.8.248.166,"Kolkata, West Bengal",95225057503
You,Ananya,108,2025-06-23T13:09:57.367Z,13,False,Low,23.8.248.166,"Kolkata, West Bengal",16782539070
You,Anaya,522,2025-07-24T14:45:51.403Z,14,False,Low,23.8.248.166,"Kolkata, West Bengal",68052181034
You,Vihaan,552,2025-05-16T12:53:23.637Z,12,False,Low,23.8.248.166,"Kolkata, West Bengal",16421105329
You,Aahana,210,2025-06-27T21:19:30.845Z,21,False,Low,23.8.248.166,"Kolkata, West Bengal",51898581844
You,Atharv,82,2025-07-07T12:54:54.721Z,12,False,Low,23.8.248.166,"Kolkata, West Bengal",69474665883
You,Yashvi,862,2025-06-26T16:02:18.817Z,16,False,Low,23.8.248.166,"Kolkata, West Bengal",85005686513
You,Aarav,343,2025-07-15T13:28:04.832Z,13,False,Low,23.8.248.166,"Kolkata, West Bengal",67554344929
You,Aahana,546,2025-05-04T16:00:24.156Z,16,False,Low,23.8.248.166,"Kolkata, West Bengal",51898581844
You,Arnav,84,2025-07-09T13:54:17.059Z,13,False,Low,23.8.248.166,"Kolkata, West Bengal",33648582036
You,Vihaan,320,2025-06-26T18:13:23.237Z,18,False,Low,23.8.248.166,"Kolkata, West Bengal",16421105329
You,Pari,509,2025-05-19T20:09:55.365Z,20,False,Low,23.8.248.166,"Kolkata, West Bengal",17015741621
You,Anika,450,2025-07-11T02:21:48.672Z,2,False,Medium,23.8.248.166,"Kolkata, West Bengal",17772586868
You,Arnav,162,2025-06-08T19:00:37.917Z,19,False,Low,23.8.248.166,"Kolkata, West Bengal",33648582036
You,Ananya,54,2025-07-16T06:23:14.736Z,6,False,Medium,23.8.248.166,"Kolkata, West Bengal",16782539070
You,Riya,504,2025-04-27T09:57:51.279Z,9,False,Low,23.8.248.166,"Kolkata, West Bengal",50398282148
You,Kabir,70000,2025-06-30T15:33:21.408Z,15,False,Medium,23.8.248.166,"Kolkata, West Bengal",60035393548
You,Advik,338,2025-07-16T17:58:12.474Z,17,False,Low,23.8.248.166,"Kolkata, West Bengal",66617711358
You,Krishna,121,2025-05-12T13:20:42.673Z,13,False,Low,23.8.248.166,"Kolkata, West Bengal",74892594460
You,Ananya,239,2025-05-31T18:53:02.627Z,18,False,Low,23.8.248.166,"Kolkata, West Bengal",16782539070
You,Dhruv,995,2025-05-06T02:32:32.819Z,2,False,Medium,23.8.248.166,"Kolkata, West Bengal",95225057503
You,Daksh,876,2025-07-18T15:30:27.415Z,15,False,Low,23.8.248.166,"Kolkata, West Bengal",64328891036
You,Yashvi,434,2025-07-18T20:16:04.942Z,20,False,Low,23.8.248.166,"Kolkata, West Bengal",85005686513
You,Advik,810,2025-05-05T06:01:02.131Z,6,False,Medium,23.8.248.166,"Kolkata, West Bengal",66617711358
You,Arnav,844,2025-05-04T15:25:33.752Z,15,False,Low,23.8.248.166,"Kolkata, West Bengal",33648582036
You,Dhruv,252,2025-04-30T16:41:59.562Z,16,False,Low,23.8.248.166,"Kolkata, West Bengal",95225057503
You,Riya,320,2025-04-29T17:30:03.029Z,17,False,Low,23.8.248.166,"Kolkata, West Bengal",50398282148
You,Aarush,713,2025-06-28T15:11:24.782Z,15,False,Low,23.8.248.166,"Kolkata, West Bengal",98524263775
You,Diya,209,2025-06-25T17:44:53.518Z,17,False,Low,23.8.248.166,"Kolkata, West Bengal",13181915943
You,Kiara,521,2025-07-24T20:28:12.281Z,20,False,Low,23.8.248.166,"Kolkata, West Bengal",67567225370
You,Anika,785,2025-05-12T12:12:23.637Z,12,False,Low,23.8.248.166,"Kolkata, West Bengal",17772586868
You,Rudra,365,2025-06-07T10:20:37.334Z,10,False,Low,23.8.248.166,"Kolkata, West Bengal",83455748206
You,Aryan,721,2025-05-12T11:08:32.022Z,11,False,Low,23.8.248.166,"Kolkata, West Bengal",22536319426
You,Arnav,70000,2025-06-22T20:54:22.321Z,20,False,Medium,23.8.248.166,"Kolkata, West Bengal",33648582036
You,Anika,774,2025-06-21T18:50:24.922Z,18,False,Low,23.8.248.166,"Kolkata, West Bengal",17772586868
You,Saanvi,871,2025-06-08T10:14:03.327Z,10,False,Low,23.8.248.166,"Kolkata, West Bengal",61345353298
You,Anya,308,2025-06-06T11:25:22.331Z,11,False,Low,23.8.248.166,"Kolkata, West Bengal",84512433084
You,Aadya,70000,2025-05-28T11:47:19.631Z,11,False,Medium,23.8.248.166,"Kolkata, West Bengal",70868899956
You,Kiara,237,2025-05-01T21:39:23.083Z,21,False,Low,23.8.248.166,"Kolkata, West Bengal",67567225370
You,Anika,689,2025-07-19T21:32:42.112Z,21,False,Low,23.8.248.166,"Kolkata, West Bengal",17772586868
You,Aahana,907,2025-06-15T18:31:19.624Z,18,False,Low,23.8.248.166,"Kolkata, West Bengal",51898581844
You,Hridhaan,25000,2025-05-08T14:37:00.115Z,14,False,Medium,23.8.248.166,"Kolkata, West Bengal",98912903717
You,Dhruv,144,2025-07-12T06:49:13.199Z,6,False,Medium,23.8.248.166,"Kolkata, West Bengal",95225057503
You,Aadhya,745,2025-06-16T03:20:39.515Z,3,False,Medium,23.8.248.166,"Kolkata, West Bengal",19890859666
You,Aarav,367,2025-05-04T20:35:34.404Z,20,False,Low,23.8.248.166,"Kolkata, West Bengal",67554344929
You,Shaurya,558,2025-05-09T21:02:53.304Z,21,False,Low,23.8.248.166,"Kolkata, West Bengal",15933759226
You,Anya,423,2025-04-29T09:10:49.109Z,9,False,Low,23.8.248.166,"Kolkata, West Bengal",84512433084
You,Daksh,798,2025-07-09T10:16:48.428Z,10,False,Low,23.8.248.166,"Kolkata, West Bengal",64328891036
You,Arnav,149,2025-06-05T09:04:58.552Z,9,False,Low,23.8.248.166,"Kolkata, West Bengal",33648582036
You,Shaurya,826,2025-07-01T19:59:56.746Z,19,False,Low,23.8.248.166,"Kolkata, West Bengal",15933759226
You,Dhruv,97,2025-06-24T20:01:12.201Z,20,False,Low,23.8.248.166,"Kolkata, West Bengal",95225057503
You,Aryan,70,2025-06-07T18:33:52.526Z,18,False,Low,23.8.248.166,"Kolkata, West Bengal",22536319426
You,Vihaan,180,2025-06-17T13:08:35.734Z,13,False,Low,23.8.248.166,"Kolkata, West Bengal",16421105329
You,Krishna,441,2025-06-20T15:49:58.040Z,15,False,Low,23.8.248.166,"Kolkata, West Bengal",74892594460
You,Aadhya,557,2025-06-04T06:53:36.243Z,6,False,Medium,23.8.248.166,"Kolkata, West Bengal",19890859666
You,Arjun,25000,2025-05-11T12:59:42.802Z,12,False,Medium,23.8.248.166,"Kolkata, West Bengal",57590677749
You,Anvi,697,2025-05-10T15:30:34.920Z,15,False,Low,23.8.248.166,"Kolkata, West Bengal",82322742826
You,Anvi,721,2025-05-29T01:48:31.247Z,1,False,Medium,23.8.248.166,"Kolkata, West Bengal",82322742826
You,Anvi,450,2025-06-07T16:39:21.077Z,16,False,Low,23.8.248.166,"Kolkata, West Bengal",82322742826
You,Ananya,142,2025-05-20T03:13:28.825Z,3,False,Medium,23.8.248.166,"Kolkata, West Bengal",16782539070
You,Diya,933,2025-06-15T20:31:31.410Z,20,False,Low,23.8.248.166,"Kolkata, West Bengal",13181915943
You,Kabir,323,2025-05-05T12:48:59.581Z,12,False,Low,23.8.248.166,"Kolkata, West Bengal",60035393548
You,Aarav,255,2025-06-14T20:40:05.913Z,20,False,Low,23.8.248.166,"Kolkata, West Bengal",67554344929
You,Ayaan,465,2025-05-25T17:36:05.128Z,17,False,Low,23.8.248.166,"Kolkata, West Bengal",58300141111
You,Arjun,70000,2025-05-29T18:01:32.439Z,18,False,Medium,23.8.248.166,"Kolkata, West Bengal",57590677749
You,Krishna,733,2025-05-29T14:46:27.687Z,14,False,Low,23.8.248.166,"Kolkata, West Bengal",74892594460
You,Avani,777,2025-07-21T20:04:15.525Z,20,False,Low,23.8.248.166,"Kolkata, West Bengal",57773755263
You,Aarush,769,2025-05-13T13:09:51.507Z,13,False,Low,23.8.248.166,"Kolkata, West Bengal",98524263775
You,Saanvi,921,2025-06-01T21:30:04.904Z,21,False,Low,23.8.248.166,"Kolkata, West Bengal",61345353298
You,Ayaan,70000,2025-05-03T13:30:56.093Z,13,False,Medium,23.8.248.166,"Kolkata, West Bengal",58300141111
You,Aarav,541,2025-05-08T20:17:00.904Z,20,False,Low,23.8.248.166,"Kolkata, West Bengal",67554344929
You,Anika,920,2025-06-19T17:58:08.537Z,17,False,Low,23.8.248.166,"Kolkata, West Bengal",17772586868
You,Arjun,233,2025-05-23T02:21:39.325Z,2,False,Medium,23.8.248.166,"Kolkata, West Bengal",57590677749
You,Anaya,25000,2025-06-12T10:15:58.891Z,10,False,Medium,23.8.248.166,"Kolkata, West Bengal",68052181034
You,Siya,511,2025-07-14T20:32:42.882Z,20,False,Low,23.8.248.166,"Kolkata, West Bengal",13358252325
You,Aadya,713,2025-06-20T17:34:03.397Z,17,False,Low,23.8.248.166,"Kolkata, West Bengal",70868899956
You,Ayaan,70000,2025-05-15T10:00:24.474Z,10,False,Medium,23.8.248.166,"Kolkata, West Bengal",58300141111
You,Ananya,90,2025-07-05T12:49:35.823Z,12,False,Low,23.8.248.166,"Kolkata, West Bengal",16782539070
You,Aadhya,317,2025-05-08T13:17:52.029Z,13,False,Low,23.8.248.166,"Kolkata, West Bengal",19890859666
You,Atharv,442,2025-07-12T21:10:17.568Z,21,False,Low,23.8.248.166,"Kolkata, West Bengal",69474665883
You,Shaurya,429,2025-06-19T17:40:15.594Z,17,False,Low,23.8.248.166,"Kolkata, West Bengal",15933759226
You,Daksh,456,2025-06-24T20:29:20.407Z,20,False,Low,23.8.248.166,"Kolkata, West Bengal",64328891036
You,Daksh,332,2025-05-17T15:54:39.030Z,15,False,Low,23.8.248.166,"Kolkata, West Bengal",64328891036
You,Ishaan,674,2025-05-05T13:11:47.992Z,13,False,Low,23.8.248.166,"Kolkata, West Bengal",31471307294
You,Diya,847,2025-07-20T15:09:28.196Z,15,False,Low,23.8.248.166,"Kolkata, West Bengal",13181915943
You,Ananya,25000,2025-05-31T14:43:03.283Z,14,False,Medium,23.8.248.166,"Kolkata, West Bengal",16782539070
You,Ishaan,906,2025-05-03T20:37:10.920Z,20,False,Low,23.8.248.166,"Kolkata, West Bengal",31471307294
You,Anya,468,2025-05-31T15:16:49.034Z,15,False,Low,23.8.248.166,"Kolkata, West Bengal",84512433084
You,Anika,172,2025-07-16T20:40:31.054Z,20,False,Low,23.8.248.166,"Kolkata, West Bengal",17772586868
You,Aarush,456,2025-07-20T17:02:42.836Z,17,False,Low,23.8.248.166,"Kolkata, West Bengal",98524263775
You,Ishan,798,2025-05-10T21:36:56.223Z,21,False,Low,23.8.248.166,"Kolkata, West Bengal",73336389695
You,Aahana,759,2025-06-15T15:57:26.718Z,15,False,Low,23.8.248.166,"Kolkata, West Bengal",51898581844
You,Ayaan,216,2025-07-12T21:50:46.760Z,21,False,Low,23.8.248.166,"Kolkata, West Bengal",58300141111
You,Sai,387,2025-05-31T21:29:56.987Z,21,False,Low,23.8.248.166,"Kolkata, West Bengal",80477538561
You,Aahana,662,2025-05-06T13:23:47.067Z,13,False,Low,23.8.248.166,"Kolkata, West Bengal",51898581844
You,Aadhya,175,2025-07-03T01:44:45.940Z,1,False,Medium,23.8.248.166,"Kolkata, West Bengal",19890859666
You,Daksh,750,2025-05-03T09:31:35.198Z,9,False,Low,23.8.248.166,"Kolkata, West Bengal",64328891036
You,Anvi,70000,2025-06-18T10:34:37.929Z,10,False,Medium,23.8.248.166,"Kolkata, West Bengal",82322742826
You,Hridhaan,274,2025-07-14T17:38:55.468Z,17,False,Low,23.8.248.166,"Kolkata, West Bengal",98912903717
You,Anika,829,2025-05-22T11:50:05.425Z,11,False,Low,23.8.248.166,"Kolkata, West Bengal",17772586868
You,Saanvi,516,2025-07-05T10:01:16.204Z,10,False,Low,23.8.248.166,"Kolkata, West Bengal",61345353298
You,Veer,783,2025-06-01T18:47:29.288Z,18,False,Low,23.8.248.166,"Kolkata, West Bengal",91640869699
You,Diya,511,2025-05-24T10:08:23.377Z,10,False,Low,23.8.248.166,"Kolkata, West Bengal",13181915943
You,Saanvi,981,2025-05-08T09:27:36.655Z,9,False,Low,23.8.248.166,"Kolkata, West Bengal",61345353298
You,Ishan,25000,2025-07-23T13:13:53.223Z,13,False,Medium,23.8.248.166,"Kolkata, West Bengal",73336389695
You,Kabir,878,2025-04-27T00:57:54.971Z,0,False,Medium,23.8.248.166,"Kolkata, West Bengal",60035393548
You,Aarush,961,2025-07-12T00:11:06.819Z,0,False,Medium,23.8.248.166,"Kolkata, West Bengal",98524263775
You,Dhruv,627,2025-07-11T21:27:41.974Z,21,False,Low,23.8.248.166,"Kolkata, West Bengal",95225057503
You,Avani,296,2025-05-16T19:28:53.683Z,19,False,Low,23.8.248.166,"Kolkata, West Bengal",57773755263
You,Krishna,692,2025-06-12T17:56:16.588Z,17,False,Low,23.8.248.166,"Kolkata, West Bengal",74892594460
You,Advik,379,2025-05-24T06:35:48.987Z,6,False,Medium,23.8.248.166,"Kolkata, West Bengal",66617711358
You,Kabir,821,2025-07-21T20:51:38.854Z,20,False,Low,23.8.248.166,"Kolkata, West Bengal",60035393548
You,Avani,949,2025-04-30T05:47:16.063Z,5,False,Medium,23.8.248.166,"Kolkata, West Bengal",57773755263
You,Pari,596,2025-07-01T18:06:24.913Z,18,False,Low,23.8.248.166,"Kolkata, West Bengal",17015741621
You,Ishan,184,2025-06-29T14:12:43.702Z,14,False,Low,23.8.248.166,"Kolkata, West Bengal",73336389695
You,Ayaan,426,2025-06-11T14:03:16.091Z,14,False,Low,23.8.248.166,"Kolkata, West Bengal",58300141111
You,Aadya,752,2025-07-19T11:48:52.337Z,11,False,Low,23.8.248.166,"Kolkata, West Bengal",70868899956
You,Anaya,947,2025-07-09T20:47:22.149Z,20,False,Low,23.8.248.166,"Kolkata, West Bengal",68052181034
You,Ishan,64,2025-05-24T17:47:09.467Z,17,False,Low,23.8.248.166,"Kolkata, West Bengal",73336389695
You,Shaurya,211,2025-05-20T09:05:53.967Z,9,False,Low,23.8.248.166,"Kolkata, West Bengal",15933759226
You,Daksh,539,2025-06-05T09:44:43.737Z,9,False,Low,23.8.248.166,"Kolkata, West Bengal",64328891036
You,Krishna,70000,2025-06-09T15:54:50.114Z,15,False,Medium,23.8.248.166,"Kolkata, West Bengal",74892594460
You,Advik,251,2025-06-01T18:19:04.762Z,18,False,Low,23.8.248.166,"Kolkata, West Bengal",66617711358
You,Dhruv,698,2025-06-05T10:47:15.557Z,10,False,Low,23.8.248.166,"Kolkata, West Bengal",95225057503
You,Kiara,614,2025-06-02T16:28:47.549Z,16,False,Low,23.8.248.166,"Kolkata, West Bengal",67567225370
You,Avani,393,2025-06-10T11:01:15.081Z,11,False,Low,23.8.248.166,"Kolkata, West Bengal",57773755263
You,Myra,610,2025-05-06T18:49:24.043Z,18,False,Low,23.8.248.166,"Kolkata, West Bengal",70328026118
You,Kabir,280,2025-05-10T09:53:33.784Z,9,False,Low,23.8.248.166,"Kolkata, West Bengal",60035393548
You,Aahana,206,2025-05-02T13:47:11.194Z,13,False,Low,23.8.248.166,"Kolkata, West Bengal",51898581844
You,Ananya,941,2025-07-24T18:49:29.738Z,18,False,Low,23.8.248.166,"Kolkata, West Bengal",16782539070
You,Arjun,395,2025-07-02T12:13:23.346Z,12,False,Low,23.8.248.166,"Kolkata, West Bengal",57590677749
You,Hridhaan,220,2025-05-17T15:33:24.084Z,15,False,Low,23.8.248.166,"Kolkata, West Bengal",98912903717
You,Ananya,25000,2025-07-01T19:57:08.824Z,19,False,Medium,23.8.248.166,"Kolkata, West Bengal",16782539070
You,Avani,380,2025-07-07T17:10:57.887Z,17,False,Low,23.8.248.166,"Kolkata, West Bengal",57773755263
You,Anika,70000,2025-05-23T19:46:59.381Z,19,False,Medium,23.8.248.166,"Kolkata, West Bengal",17772586868
You,Ishan,280,2025-05-31T09:54:04.867Z,9,False,Low,23.8.248.166,"Kolkata, West Bengal",73336389695
You,Aadya,114,2025-04-28T11:17:52.264Z,11,False,Low,23.8.248.166,"Kolkata, West Bengal",70868899956
You,Ananya,77,2025-07-02T17:40:40.822Z,17,False,Low,23.8.248.166,"Kolkata, West Bengal",16782539070
You,Vihaan,232,2025-05-08T03:01:46.823Z,3,False,Medium,23.8.248.166,"Kolkata, West Bengal",16421105329
You,Anika,439,2025-06-23T20:15:55.042Z,20,False,Low,23.8.248.166,"Kolkata, West Bengal",17772586868
You,Dhruv,70000,2025-07-20T10:41:59.358Z,10,False,Medium,23.8.248.166,"Kolkata, West Bengal",95225057503
You,Aryan,25000,2025-04-27T09:01:59.582Z,9,False,Medium,23.8.248.166,"Kolkata, West Bengal",22536319426
You,Reyansh,70000,2025-05-17T12:20:54.729Z,12,False,Medium,23.8.248.166,"Kolkata, West Bengal",73138028733
You,Anvi,834,2025-05-12T02:54:22.671Z,2,False,Medium,23.8.248.166,"Kolkata, West Bengal",82322742826
You,Rudra,70000,2025-07-14T19:00:03.981Z,19,False,Medium,23.8.248.166,"Kolkata, West Bengal",83455748206
You,Krishna,70000,2025-05-27T16:19:49.591Z,16,False,Medium,23.8.248.166,"Kolkata, West Bengal",74892594460
You,Siya,510,2025-06-21T13:31:25.671Z,13,False,Low,23.8.248.166,"Kolkata, West Bengal",13358252325
You,Myra,888,2025-05-01T10:50:29.171Z,10,False,Low,23.8.248.166,"Kolkata, West Bengal",70328026118
You,Arjun,721,2025-04-26T11:16:51.829Z,11,False,Low,23.8.248.166,"Kolkata, West Bengal",57590677749
You,Myra,623,2025-07-09T11:52:48.097Z,11,False,Low,23.8.248.166,"Kolkata, West Bengal",70328026118
You,Reyansh,779,2025-07-11T14:31:32.828Z,14,False,Low,23.8.248.166,"Kolkata, West Bengal",73138028733
You,Saanvi,393,2025-06-24T10:00:33.178Z,10,False,Low,23.8.248.166,"Kolkata, West Bengal",61345353298
You,Arnav,524,2025-06-02T18:37:42.432Z,18,False,Low,23.8.248.166,"Kolkata, West Bengal",33648582036
You,Reyansh,264,2025-05-27T14:36:24.227Z,14,False,Low,23.8.248.166,"Kolkata, West Bengal",73138028733
You,Riya,25000,2025-06-14T11:10:23.324Z,11,False,Medium,23.8.248.166,"Kolkata, West Bengal",50398282148
You,Rudra,624,2025-05-26T15:51:22.413Z,15,False,Low,23.8.248.166,"Kolkata, West Bengal",83455748206
You,Advik,397,2025-05-20T12:36:57.201Z,12,False,Low,23.8.248.166,"Kolkata, West Bengal",66617711358
You,Diya,928,2025-06-06T19:28:57.100Z,19,False,Low,23.8.248.166,"Kolkata, West Bengal",13181915943
You,Aadhya,64,2025-07-17T18:05:43.411Z,18,False,Low,23.8.248.166,"Kolkata, West Bengal",19890859666
You,Aryan,70000,2025-06-29T14:28:51.600Z,14,False,Medium,23.8.248.166,"Kolkata, West Bengal",22536319426
You,Ananya,247,2025-06-23T18:14:55.767Z,18,False,Low,23.8.248.166,"Kolkata, West Bengal",16782539070
You,Hridhaan,813,2025-05-31T13:59:42.934Z,13,False,Low,23.8.248.166,"Kolkata, West Bengal",98912903717
You,Vihaan,160,2025-05-14T00:32:57.471Z,0,False,Medium,23.8.248.166,"Kolkata, West Bengal",16421105329
You,Aadhya,452,2025-05-07T17:04:32.007Z,17,False,Low,23.8.248.166,"Kolkata, West Bengal",19890859666
You,Hridhaan,244,2025-07-04T03:36:54.839Z,3,False,Medium,23.8.248.166,"Kolkata, West Bengal",98912903717
You,Anya,885,2025-06-19T20:40:38.234Z,20,False,Low,23.8.248.166,"Kolkata, West Bengal",84512433084
You,Ayaan,254,2025-05-29T01:34:40.266Z,1,False,Medium,23.8.248.166,"Kolkata, West Bengal",58300141111
You,Kabir,788,2025-06-24T13:06:49.909Z,13,False,Low,23.8.248.166,"Kolkata, West Bengal",60035393548
You,Vihaan,162,2025-05-07T09:26:21.946Z,9,False,Low,23.8.248.166,"Kolkata, West Bengal",16421105329
You,Avani,642,2025-05-05T09:35:54.085Z,9,False,Low,23.8.248.166,"Kolkata, West Bengal",57773755263
You,Kiara,552,2025-07-20T21:19:29.890Z,21,False,Low,23.8.248.166,"Kolkata, West Bengal",67567225370
You,Aarav,590,2025-07-22T21:00:48.658Z,21,False,Low,23.8.248.166,"Kolkata, West Bengal",67554344929
You,Anika,704,2025-06-02T14:52:37.735Z,14,False,Low,23.8.248.166,"Kolkata, West Bengal",17772586868
You,Kiara,452,2025-07-02T06:55:00.812Z,6,False,Medium,23.8.248.166,"Kolkata, West Bengal",67567225370
You,Anvi,910,2025-06-16T15:07:49.635Z,15,False,Low,23.8.248.166,"Kolkata, West Bengal",82322742826
You,Anika,748,2025-07-23T19:23:55.628Z,19,False,Low,23.8.248.166,"Kolkata, West Bengal",17772586868
You,Rudra,971,2025-06-21T12:12:54.654Z,12,False,Low,23.8.248.166,"Kolkata, West Bengal",83455748206
You,Hridhaan,408,2025-06-25T15:48:09.733Z,15,False,Low,23.8.248.166,"Kolkata, West Bengal",98912903717
You,Atharv,460,2025-04-30T21:32:30.239Z,21,False,Low,23.8.248.166,"Kolkata, West Bengal",69474665883
You,Ishaan,855,2025-05-06T11:32:16.038Z,11,False,Low,23.8.248.166,"Kolkata, West Bengal",31471307294
You,Aadya,542,2025-06-04T12:37:12.980Z,12,False,Low,23.8.248.166,"Kolkata, West Bengal",70868899956
You,Krishna,118,2025-06-21T05:34:41.748Z,5,False,Medium,23.8.248.166,"Kolkata, West Bengal",74892594460
You,Aryan,280,2025-06-02T20:32:45.151Z,20,False,Low,23.8.248.166,"Kolkata, West Bengal",22536319426
You,Aarav,102,2025-05-29T03:55:53.187Z,3,False,Medium,23.8.248.166,"Kolkata, West Bengal",67554344929
You,Pari,409,2025-07-03T01:49:18.389Z,1,False,Medium,23.8.248.166,"Kolkata, West Bengal",17015741621
You,Ishan,187,2025-06-20T05:24:50.678Z,5,False,Medium,23.8.248.166,"Kolkata, West Bengal",73336389695
You,Aarav,949,2025-05-08T05:57:46.920Z,5,False,Medium,23.8.248.166,"Kolkata, West Bengal",67554344929
You,Pari,888,2025-05-20T11:42:24.521Z,11,False,Low,23.8.248.166,"Kolkata, West Bengal",17015741621
You,Saanvi,477,2025-06-25T09:58:32.648Z,9,False,Low,23.8.248.166,"Kolkata, West Bengal",61345353298
You,Arjun,25000,2025-06-24T13:01:45.516Z,13,False,Medium,23.8.248.166,"Kolkata, West Bengal",57590677749
You,Aahana,326,2025-07-03T17:45:55.354Z,17,False,Low,23.8.248.166,"Kolkata, West Bengal",51898581844
You,Anvi,921,2025-05-08T16:12:41.059Z,16,False,Low,23.8.248.166,"Kolkata, West Bengal",82322742826
You,Vihaan,110,2025-07-09T00:03:35.350Z,0,False,Medium,23.8.248.166,"Kolkata, West Bengal",16421105329
You,Anika,345,2025-06-25T12:44:39.841Z,12,False,Low,23.8.248.166,"Kolkata, West Bengal",17772586868
You,Yashvi,657,2025-05-06T21:55:58.639Z,21,False,Low,23.8.248.166,"Kolkata, West Bengal",85005686513
You,Vivaan,886,2025-06-19T18:52:00.965Z,18,False,Low,23.8.248.166,"Kolkata, West Bengal",29232777487
You,Vivaan,112,2025-07-19T15:27:01.122Z,15,False,Low,23.8.248.166,"Kolkata, West Bengal",29232777487
You,Aadhya,733,2025-04-27T21:54:11.894Z,21,False,Low,23.8.248.166,"Kolkata, West Bengal",19890859666
You,Advik,740,2025-06-11T11:09:44.051Z,11,False,Low,23.8.248.166,"Kolkata, West Bengal",66617711358
You,Arnav,233,2025-07-17T14:03:16.349Z,14,False,Low,23.8.248.166,"Kolkata, West Bengal",33648582036
You,Kabir,832,2025-06-07T15:18:10.213Z,15,False,Low,23.8.248.166,"Kolkata, West Bengal",60035393548
You,Arnav,932,2025-07-17T06:25:38.676Z,6,False,Medium,23.8.248.166,"Kolkata, West Bengal",33648582036
You,Rudra,291,2025-06-14T20:08:54.629Z,20,False,Low,23.8.248.166,"Kolkata, West Bengal",83455748206
You,Anika,51,2025-05-31T19:52:06.585Z,19,False,Low,23.8.248.166,"Kolkata, West Bengal",17772586868
You,Arjun,868,2025-05-12T20:29:59.698Z,20,False,Low,23.8.248.166,"Kolkata, West Bengal",57590677749
You,Arjun,913,2025-06-21T21:23:12.165Z,21,False,Low,23.8.248.166,"Kolkata, West Bengal",57590677749
You,Hridhaan,148,2025-07-07T15:59:53.228Z,15,False,Low,23.8.248.166,"Kolkata, West Bengal",98912903717
You,Kabir,380,2025-05-09T17:17:54.962Z,17,False,Low,23.8.248.166,"Kolkata, West Bengal",60035393548
You,Arnav,797,2025-07-24T13:09:17.693Z,13,False,Low,23.8.248.166,"Kolkata, West Bengal",33648582036
You,Aarav,241,2025-07-11T14:17:30.069Z,14,False,Low,23.8.248.166,"Kolkata, West Bengal",67554344929
You,Arnav,54,2025-07-14T19:01:33.910Z,19,False,Low,23.8.248.166,"Kolkata, West Bengal",33648582036
You,Ishan,822,2025-05-02T17:14:04.036Z,17,False,Low,23.8.248.166,"Kolkata, West Bengal",73336389695
You,Shaurya,25000,2025-06-27T17:55:17.609Z,17,False,Medium,23.8.248.166,"Kolkata, West Bengal",15933759226
You,Aryan,615,2025-07-06T11:40:30.401Z,11,False,Low,23.8.248.166,"Kolkata, West Bengal",22536319426
You,Pari,555,2025-07-10T12:55:20.521Z,12,False,Low,23.8.248.166,"Kolkata, West Bengal",17015741621
You,Anaya,605,2025-07-10T15:07:42.252Z,15,False,Low,23.8.248.166,"Kolkata, West Bengal",68052181034
You,Aahana,881,2025-05-01T12:45:08.378Z,12,False,Low,23.8.248.166,"Kolkata, West Bengal",51898581844
You,Riya,726,2025-05-02T18:35:50.302Z,18,False,Low,23.8.248.166,"Kolkata, West Bengal",50398282148
You,Aarush,659,2025-07-02T12:26:17.793Z,12,False,Low,23.8.248.166,"Kolkata, West Bengal",98524263775
You,Aryan,70000,2025-07-08T18:29:26.599Z,18,False,Medium,23.8.248.166,"Kolkata, West Bengal",22536319426
You,Veer,256,2025-06-23T13:46:44.086Z,13,False,Low,23.8.248.166,"Kolkata, West Bengal",91640869699
You,Krishna,731,2025-06-02T12:53:16.517Z,12,False,Low,23.8.248.166,"Kolkata, West Bengal",74892594460
You,Anika,25000,2025-07-19T19:26:38.882Z,19,False,Medium,23.8.248.166,"Kolkata, West Bengal",17772586868
You,Siya,135,2025-05-09T10:24:30.037Z,10,False,Low,23.8.248.166,"Kolkata, West Bengal",13358252325
You,Diya,879,2025-05-01T17:04:13.031Z,17,False,Low,23.8.248.166,"Kolkata, West Bengal",13181915943
You,Pari,25000,2025-06-05T10:08:38.803Z,10,False,Medium,23.8.248.166,"Kolkata, West Bengal",17015741621
You,Anya,156,2025-05-18T20:43:00.736Z,20,False,Low,23.8.248.166,"Kolkata, West Bengal",84512433084
You,Krishna,491,2025-04-30T09:19:19.576Z,9,False,Low,23.8.248.166,"Kolkata, West Bengal",74892594460
You,Arjun,595,2025-05-20T02:01:44.884Z,2,False,Medium,23.8.248.166,"Kolkata, West Bengal",57590677749
You,Avani,865,2025-06-22T18:38:10.902Z,18,False,Low,23.8.248.166,"Kolkata, West Bengal",57773755263
You,Vihaan,274,2025-05-11T21:02:56.021Z,21,False,Low,23.8.248.166,"Kolkata, West Bengal",16421105329
You,Aryan,25000,2025-06-03T16:21:58.295Z,16,False,Medium,23.8.248.166,"Kolkata, West Bengal",22536319426
You,Saanvi,845,2025-05-30T21:20:41.502Z,21,False,Low,23.8.248.166,"Kolkata, West Bengal",61345353298
You,Atharv,267,2025-05-29T13:55:06.205Z,13,False,Low,23.8.248.166,"Kolkata, West Bengal",69474665883
You,Aarav,319,2025-07-03T16:01:39.740Z,16,False,Low,23.8.248.166,"Kolkata, West Bengal",67554344929
You,Siya,669,2025-07-02T14:36:09.614Z,14,False,Low,23.8.248.166,"Kolkata, West Bengal",13358252325
You,Dhruv,437,2025-07-16T16:22:32.467Z,16,False,Low,23.8.248.166,"Kolkata, West Bengal",95225057503
You,Vivaan,612,2025-06-19T14:54:16.333Z,14,False,Low,23.8.248.166,"Kolkata, West Bengal",29232777487
You,Anaya,363,2025-07-19T13:58:04.820Z,13,False,Low,23.8.248.166,"Kolkata, West Bengal",68052181034
You,Veer,748,2025-06-01T13:30:38.668Z,13,False,Low,23.8.248.166,"Kolkata, West Bengal",91640869699
You,Rudra,85,2025-05-26T16:41:32.903Z,16,False,Low,23.8.248.166,"Kolkata, West Bengal",83455748206
You,Aadya,901,2025-07-11T06:04:36.716Z,6,False,Medium,23.8.248.166,"Kolkata, West Bengal",70868899956
You,Arnav,435,2025-06-10T13:55:33.104Z,13,False,Low,23.8.248.166,"Kolkata, West Bengal",33648582036
You,Rudra,25000,2025-07-14T20:50:40.612Z,20,False,Medium,23.8.248.166,"Kolkata, West Bengal",83455748206
You,Anvi,682,2025-05-24T19:34:51.786Z,19,False,Low,23.8.248.166,"Kolkata, West Bengal",82322742826
You,Atharv,856,2025-05-21T18:23:57.501Z,18,False,Low,23.8.248.166,"Kolkata, West Bengal",69474665883
You,Anika,488,2025-05-09T18:32:00.086Z,18,False,Low,23.8.248.166,"Kolkata, West Bengal",17772586868
You,Shaurya,775,2025-06-21T11:41:09.094Z,11,False,Low,23.8.248.166,"Kolkata, West Bengal",15933759226
You,Aryan,712,2025-05-27T04:35:11.066Z,4,False,Medium,23.8.248.166,"Kolkata, West Bengal",22536319426
You,Arjun,724,2025-06-10T21:50:00.568Z,21,False,Low,23.8.248.166,"Kolkata, West Bengal",57590677749
You,Vivaan,650,2025-05-18T15:54:13.874Z,15,False,Low,23.8.248.166,"Kolkata, West Bengal",29232777487
You,Reyansh,548,2025-05-27T20:34:16.748Z,20,False,Low,23.8.248.166,"Kolkata, West Bengal",73138028733
You,Anaya,570,2025-06-28T12:37:26.541Z,12,False,Low,23.8.248.166,"Kolkata, West Bengal",68052181034
You,Reyansh,664,2025-07-10T18:53:39.030Z,18,False,Low,23.8.248.166,"Kolkata, West Bengal",73138028733
You,Ayaan,63,2025-06-28T09:15:47.599Z,9,False,Low,23.8.248.166,"Kolkata, West Bengal",58300141111
You,Kabir,70000,2025-05-30T10:29:57.323Z,10,False,Medium,23.8.248.166,"Kolkata, West Bengal",60035393548
You,Pari,137,2025-05-31T21:26:43.742Z,21,False,Low,23.8.248.166,"Kolkata, West Bengal",17015741621
You,Pari,623,2025-07-08T11:09:42.007Z,11,False,Low,23.8.248.166,"Kolkata, West Bengal",17015741621
You,Anya,560,2025-06-28T15:48:54.328Z,15,False,Low,23.8.248.166,"Kolkata, West Bengal",84512433084
You,Aadhya,801,2025-07-02T02:47:18.516Z,2,False,Medium,23.8.248.166,"Kolkata, West Bengal",19890859666
You,Ayaan,70000,2025-04-29T10:18:14.376Z,10,False,Medium,23.8.248.166,"Kolkata, West Bengal",58300141111
You,Atharv,605,2025-07-09T12:29:08.373Z,12,False,Low,23.8.248.166,"Kolkata, West Bengal",69474665883
You,Aarush,179,2025-04-30T09:29:00.762Z,9,False,Low,23.8.248.166,"Kolkata, West Bengal",98524263775
You,Atharv,70000,2025-05-08T09:12:30.146Z,9,False,Medium,23.8.248.166,"Kolkata, West Bengal",69474665883
You,Vihaan,505,2025-06-02T21:11:48.186Z,21,False,Low,23.8.248.166,"Kolkata, West Bengal",16421105329
You,Ishaan,845,2025-06-20T13:28:02.760Z,13,False,Low,23.8.248.166,"Kolkata, West Bengal",31471307294
You,Pari,695,2025-05-22T16:41:29.048Z,16,False,Low,23.8.248.166,"Kolkata, West Bengal",17015741621
You,Saanvi,329,2025-06-01T16:53:01.659Z,16,False,Low,23.8.248.166,"Kolkata, West Bengal",61345353298
You,Avani,796,2025-07-25T05:10:47.394Z,5,False,Medium,23.8.248.166,"Kolkata, West Bengal",57773755263
You,Kiara,282,2025-05-14T17:51:10.613Z,17,False,Low,23.8.248.166,"Kolkata, West Bengal",67567225370
You,Aadya,683,2025-05-23T04:32:30.761Z,4,False,Medium,23.8.248.166,"Kolkata, West Bengal",70868899956
You,Kabir,92,2025-06-18T02:46:41.392Z,2,False,Medium,23.8.248.166,"Kolkata, West Bengal",60035393548
You,Myra,70000,2025-06-14T15:48:03.568Z,15,False,Medium,23.8.248.166,"Kolkata, West Bengal",70328026118
You,Sai,51,2025-05-22T20:21:53.566Z,20,False,Low,23.8.248.166,"Kolkata, West Bengal",80477538561
You,Aadya,574,2025-06-21T18:22:46.757Z,18,False,Low,23.8.248.166,"Kolkata, West Bengal",70868899956
You,Atharv,921,2025-06-10T12:50:28.515Z,12,False,Low,23.8.248.166,"Kolkata, West Bengal",69474665883
You,Aahana,749,2025-07-21T13:24:11.733Z,13,False,Low,23.8.248.166,"Kolkata, West Bengal",51898581844
You,Hridhaan,389,2025-04-30T09:21:11.758Z,9,False,Low,23.8.248.166,"Kolkata, West Bengal",98912903717
You,Arjun,145,2025-05-23T20:07:38.701Z,20,False,Low,23.8.248.166,"Kolkata, West Bengal",57590677749
You,Aahana,70000,2025-05-13T11:15:40.738Z,11,False,Medium,23.8.248.166,"Kolkata, West Bengal",51898581844
You,Saanvi,559,2025-05-29T14:40:51.053Z,14,False,Low,23.8.248.166,"Kolkata, West Bengal",61345353298
You,Krishna,301,2025-07-20T17:49:25.634Z,17,False,Low,23.8.248.166,"Kolkata, West Bengal",74892594460
You,Diya,180,2025-06-22T18:15:13.451Z,18,False,Low,23.8.248.166,"Kolkata, West Bengal",13181915943
You,Rudra,485,2025-05-16T13:17:51.019Z,13,False,Low,23.8.248.166,"Kolkata, West Bengal",83455748206
You,Reyansh,616,2025-07-25T12:35:48.234Z,12,False,Low,23.8.248.166,"Kolkata, West Bengal",73138028733
You,Dhruv,130,2025-06-30T11:38:05.020Z,11,False,Low,23.8.248.166,"Kolkata, West Bengal",95225057503
You,Rudra,292,2025-06-10T18:34:09.458Z,18,False,Low,23.8.248.166,"Kolkata, West Bengal",83455748206
You,Krishna,302,2025-05-26T12:08:52.844Z,12,False,Low,23.8.248.166,"Kolkata, West Bengal",74892594460
You,Siya,162,2025-05-09T21:42:15.305Z,21,False,Low,23.8.248.166,"Kolkata, West Bengal",13358252325
You,Veer,526,2025-07-12T21:36:26.938Z,21,False,Low,23.8.248.166,"Kolkata, West Bengal",91640869699
You,Myra,25000,2025-06-11T14:07:15.730Z,14,False,Medium,23.8.248.166,"Kolkata, West Bengal",70328026118
You,Shaurya,554,2025-06-06T18:42:38.552Z,18,False,Low,23.8.248.166,"Kolkata, West Bengal",15933759226
You,Anika,25000,2025-06-30T11:09:45.213Z,11,False,Medium,23.8.248.166,"Kolkata, West Bengal",17772586868
You,Kiara,662,2025-07-24T21:08:56.069Z,21,False,Low,23.8.248.166,"Kolkata, West Bengal",67567225370
You,Aryan,274,2025-06-09T12:13:39.781Z,12,False,Low,23.8.248.166,"Kolkata, West Bengal",22536319426
You,Saanvi,508,2025-06-28T16:28:51.759Z,16,False,Low,23.8.248.166,"Kolkata, West Bengal",61345353298
You,Aadya,25000,2025-05-19T20:10:31.187Z,20,False,Medium,23.8.248.166,"Kolkata, West Bengal",70868899956
You,Shaurya,155,2025-07-09T21:19:02.289Z,21,False,Low,23.8.248.166,"Kolkata, West Bengal",15933759226
You,Sai,904,2025-05-08T11:19:31.333Z,11,False,Low,23.8.248.166,"Kolkata, West Bengal",80477538561
You,Yashvi,992,2025-06-26T11:48:08.748Z,11,False,Low,23.8.248.166,"Kolkata, West Bengal",85005686513
You,Kabir,25000,2025-04-30T20:40:46.133Z,20,False,Medium,23.8.248.166,"Kolkata, West Bengal",60035393548
You,Anya,838,2025-07-12T03:45:31.790Z,3,False,Medium,23.8.248.166,"Kolkata, West Bengal",84512433084
You,Aahana,188,2025-07-04T13:12:30.548Z,13,False,Low,23.8.248.166,"Kolkata, West Bengal",51898581844
You,Arjun,25000,2025-05-16T10:16:19.871Z,10,False,Medium,23.8.248.166,"Kolkata, West Bengal",57590677749
You,Vihaan,913,2025-07-22T04:22:35.439Z,4,False,Medium,23.8.248.166,"Kolkata, West Bengal",16421105329
You,Diya,70000,2025-06-02T09:15:52.580Z,9,False,Medium,23.8.248.166,"Kolkata, West Bengal",13181915943
You,Advik,283,2025-05-05T16:16:13.312Z,16,False,Low,23.8.248.166,"Kolkata, West Bengal",66617711358
You,Riya,534,2025-07-07T11:54:59.251Z,11,False,Low,23.8.248.166,"Kolkata, West Bengal",50398282148
You,Daksh,293,2025-07-25T10:26:54.234Z,10,False,Low,23.8.248.166,"Kolkata, West Bengal",64328891036
You,Rudra,447,2025-05-18T15:18:48.693Z,15,False,Low,23.8.248.166,"Kolkata, West Bengal",83455748206
You,Ishaan,613,2025-07-10T10:15:13.900Z,10,False,Low,23.8.248.166,"Kolkata, West Bengal",31471307294
You,Arjun,731,2025-05-07T06:32:44.089Z,6,False,Medium,23.8.248.166,"Kolkata, West Bengal",57590677749
You,Avani,792,2025-07-15T19:31:53.683Z,19,False,Low,23.8.248.166,"Kolkata, West Bengal",57773755263
You,Aarav,818,2025-06-05T12:39:02.248Z,12,False,Low,23.8.248.166,"Kolkata, West Bengal",67554344929
You,Hridhaan,890,2025-06-18T13:08:31.741Z,13,False,Low,23.8.248.166,"Kolkata, West Bengal",98912903717
You,Arjun,925,2025-06-26T13:54:08.698Z,13,False,Low,23.8.248.166,"Kolkata, West Bengal",57590677749
You,Daksh,70000,2025-06-28T18:13:55.716Z,18,False,Medium,23.8.248.166,"Kolkata, West Bengal",64328891036
You,Anika,759,2025-07-05T11:54:01.635Z,11,False,Low,23.8.248.166,"Kolkata, West Bengal",17772586868
You,Vihaan,741,2025-06-19T20:03:23.347Z,20,False,Low,23.8.248.166,"Kolkata, West Bengal",16421105329
You,Saanvi,358,2025-06-23T21:41:18.446Z,21,False,Low,23.8.248.166,"Kolkata, West Bengal",61345353298
You,Ananya,25000,2025-05-05T09:38:01.548Z,9,False,Medium,23.8.248.166,"Kolkata, West Bengal",16782539070
You,Aadya,733,2025-05-15T20:45:18.412Z,20,False,Low,23.8.248.166,"Kolkata, West Bengal",70868899956
You,Yashvi,434,2025-05-30T10:27:14.170Z,10,False,Low,23.8.248.166,"Kolkata, West Bengal",85005686513
You,Aahana,949,2025-07-14T17:01:52.643Z,17,False,Low,23.8.248.166,"Kolkata, West Bengal",51898581844
You,Veer,816,2025-06-26T20:04:21.984Z,20,False,Low,23.8.248.166,"Kolkata, West Bengal",91640869699
You,Daksh,25000,2025-07-19T15:22:38.376Z,15,False,Medium,23.8.248.166,"Kolkata, West Bengal",64328891036
You,Anaya,613,2025-06-22T14:03:08.915Z,14,False,Low,23.8.248.166,"Kolkata, West Bengal",68052181034
You,Veer,70000,2025-06-26T14:30:01.284Z,14,False,Medium,23.8.248.166,"Kolkata, West Bengal",91640869699
You,Aarav,889,2025-06-14T19:52:21.709Z,19,False,Low,23.8.248.166,"Kolkata, West Bengal",67554344929
You,Aarush,178,2025-06-25T09:39:10.517Z,9,False,Low,23.8.248.166,"Kolkata, West Bengal",98524263775
You,Hridhaan,979,2025-05-14T09:22:38.406Z,9,False,Low,23.8.248.166,"Kolkata, West Bengal",98912903717
You,Anika,823,2025-05-09T06:40:30.332Z,6,False,Medium,23.8.248.166,"Kolkata, West Bengal",17772586868
You,Aarav,912,2025-07-16T21:37:19.704Z,21,False,Low,23.8.248.166,"Kolkata, West Bengal",67554344929
You,Rudra,897,2025-05-01T01:43:04.959Z,1,False,Medium,23.8.248.166,"Kolkata, West Bengal",83455748206
You,Hridhaan,615,2025-06-27T21:08:03.261Z,21,False,Low,23.8.248.166,"Kolkata, West Bengal",98912903717
You,Anaya,25000,2025-05-06T14:13:00.658Z,14,False,Medium,23.8.248.166,"Kolkata, West Bengal",68052181034
You,Siya,77,2025-05-15T09:23:18.343Z,9,False,Low,23.8.248.166,"Kolkata, West Bengal",13358252325
You,Anvi,90,2025-07-07T18:10:15.337Z,18,False,Low,23.8.248.166,"Kolkata, West Bengal",82322742826
You,Dhruv,583,2025-05-20T03:39:12.354Z,3,False,Medium,23.8.248.166,"Kolkata, West Bengal",95225057503
You,Aadhya,711,2025-05-21T14:07:07.460Z,14,False,Low,23.8.248.166,"Kolkata, West Bengal",19890859666
You,Ayaan,290,2025-06-27T19:54:15.817Z,19,False,Low,23.8.248.166,"Kolkata, West Bengal",58300141111
You,Kabir,141,2025-05-29T11:33:59.399Z,11,False,Low,23.8.248.166,"Kolkata, West Bengal",60035393548
You,Aahana,751,2025-07-16T15:15:09.613Z,15,False,Low,23.8.248.166,"Kolkata, West Bengal",51898581844
You,Ishan,691,2025-06-23T13:26:17.666Z,13,False,Low,23.8.248.166,"Kolkata, West Bengal",73336389695
You,Ishan,25000,2025-05-05T21:28:00.772Z,21,False,Medium,23.8.248.166,"Kolkata, West Bengal",73336389695
You,Advik,505,2025-07-17T18:01:25.916Z,18,False,Low,23.8.248.166,"Kolkata, West Bengal",66617711358
